ID,y
5760,138.64626
5761,142.68903
5762,107.43245
5763,59.88533
5764,46.596416
5765,38.962097
5766,71.00021
5767,95.32099
5768,159.64114
5769,135.2651
5770,176.49881
5771,170.02814
5772,264.06094
5773,274.2213
5774,266.48605
5775,296.1662
5776,282.24838
5777,241.04485
5778,378.13336
5779,225.43657
5780,229.79402
5781,227.7995
5782,222.47765
5783,220.11986
5784,219.2688
5785,231.669
5786,180.85217
5787,119.12221
5788,84.49757
5789,65.17335
5790,108.6467
5791,155.45105
5792,197.59634
5793,190.87465
5794,193.63437
5795,204.4272
5796,257.72342
5797,261.3289
5798,264.35477
5799,283.04153
5800,274.378
5801,259.75345
5802,320.14194
5803,253.8855
5804,254.47903
5805,253.85124
5806,247.1044
5807,177.79279
5808,352.40326
5809,323.80542
5810,257.18414
5811,158.56052
5812,98.47012
5813,68.89158
5814,120.53064
5815,217.85913
5816,270.3007
5817,321.90662
5818,255.26254
5819,229.58078
5820,341.06244
5821,400.13013
5822,452.41943
5823,451.3014
5824,440.4442
5825,414.40945
5826,323.64178
5827,336.44772
5828,334.86002
5829,332.8186
5830,292.5331
5831,216.97594
5832,257.3338
5833,224.26875
5834,151.89442
5835,94.57405
5836,69.71698
5837,43.055717
5838,62.256283
5839,65.78409
5840,113.92593
5841,41.73023
5842,21.976238
5843,116.837616
5844,61.169132
5845,75.76975
5846,156.1879
5847,68.46843
5848,56.319275
5849,131.21231
5850,169.47601
5851,166.02008
5852,158.6015
5853,159.11516
5854,165.43521
5855,129.77179
5856,190.69853
5857,131.8161
5858,96.791336
5859,61.88253
5860,53.035072
5861,56.657616
5862,75.06716
5863,112.05516
5864,143.40823
5865,144.93944
5866,177.16907
5867,201.07156
5868,231.85786
5869,231.22005
5870,251.47469
5871,255.50938
5872,258.72583
5873,268.38474
5874,326.5918
5875,258.82208
5876,229.16232
5877,213.63731
5878,206.55779
5879,167.56299
5880,218.9041
5881,210.3697
5882,157.77005
5883,98.589645
5884,75.2826
5885,79.16995
5886,172.45634
5887,413.7198
5888,715.08234
5889,382.25076
5890,277.1175
5891,285.9252
5892,324.75903
5893,254.56471
5894,311.18674
5895,297.02625
5896,301.6157
5897,335.9535
5898,431.56293
5899,317.74088
5900,236.36795
5901,254.82558
5902,234.02292
5903,167.04819
5904,146.65018
5905,144.929
5906,108.57926
5907,67.15239
5908,44.42793
5909,56.779373
5910,103.88825
5911,223.9895
5912,507.6439
5913,295.52533
5914,191.44125
5915,253.57262
5916,235.60176
5917,214.46118
5918,242.39546
5919,284.5295
5920,331.7923
5921,354.2503
5922,508.20215
5923,327.4899
5924,270.02887
5925,272.04904
5926,265.68164
5927,187.90233
5928,198.58862
5929,190.17313
5930,115.67366
5931,59.068493
5932,52.159653
5933,44.819435
5934,78.08326
5935,236.9499
5936,523.62463
5937,350.95303
5938,285.4616
5939,313.6084
5940,356.43283
5941,377.62164
5942,374.83432
5943,384.35248
5944,408.26254
5945,419.3018
5946,653.39014
5947,421.10712
5948,366.3605
5949,343.59796
5950,347.08685
5951,246.25725
5952,261.8565
5953,246.97046
5954,188.4522
5955,120.283066
5956,85.37973
5957,88.07792
5958,181.98412
5959,385.9729
5960,698.306
5961,412.27826
5962,299.4979
5963,334.7157
5964,407.26663
5965,419.02457
5966,393.95374
5967,450.41202
5968,487.4864
5969,449.44827
5970,623.9525
5971,407.40356
5972,383.7322
5973,372.64514
5974,349.81427
5975,223.95084
5976,240.33601
5977,253.39978
5978,195.25806
5979,130.73106
5980,85.87787
5981,73.95948
5982,105.760254
5983,174.62637
5984,246.24141
5985,290.96832
5986,236.91568
5987,269.34872
5988,327.77017
5989,341.05902
5990,365.94516
5991,347.9897
5992,343.23886
5993,311.6524
5994,190.40286
5995,142.99185
5996,171.42273
5997,175.31602
5998,175.13664
5999,144.3889
6000,149.56763
6001,147.61914
6002,101.76288
6003,26.288584
6004,12.780819
6005,32.50699
6006,48.382885
6007,52.006355
6008,51.03676
6009,91.46775
6010,110.85969
6011,113.60267
6012,159.89125
6013,182.16913
6014,198.42032
6015,201.27406
6016,196.4573
6017,167.25287
6018,175.45953
6019,147.64723
6020,172.11836
6021,172.68814
6022,170.25554
6023,144.53638
6024,181.2634
6025,157.47467
6026,127.01219
6027,73.524796
6028,57.59676
6029,45.136692
6030,57.968197
6031,95.08669
6032,165.88412
6033,211.17696
6034,178.40842
6035,251.56859
6036,321.1722
6037,350.5052
6038,363.4509
6039,368.6943
6040,380.61093
6041,359.16296
6042,362.55392
6043,265.671
6044,238.05148
6045,236.19534
6046,230.20476
6047,191.6962
6048,151.97739
6049,161.8912
6050,104.348976
6051,54.24801
6052,50.370956
6053,58.906338
6054,120.08478
6055,314.46823
6056,648.8454
6057,379.90088
6058,267.40076
6059,303.16675
6060,331.93552
6061,331.7366
6062,279.11298
6063,285.42038
6064,143.29395
6065,134.06796
6066,46.414234
6067,45.01057
6068,155.5131
6069,135.74771
6070,151.40141
6071,109.82255
6072,90.76914
6073,87.19361
6074,74.4099
6075,45.25419
6076,34.203594
6077,39.245415
6078,74.61145
6079,130.98077
6080,254.78973
6081,171.56207
6082,130.40706
6083,146.32126
6084,145.04488
6085,146.81467
6086,145.15004
6087,159.53636
6088,171.13524
6089,209.24332
6090,323.3097
6091,211.7713
6092,174.96785
6093,143.98978
6094,137.20718
6095,109.65045
6096,75.8359
6097,66.08182
6098,56.645596
6099,31.048758
6100,25.8402
6101,25.39738
6102,58.498814
6103,120.8354
6104,337.0745
6105,182.39633
6106,129.61601
6107,148.31927
6108,158.90483
6109,153.47949
6110,155.87741
6111,166.05238
6112,170.79985
6113,196.60527
6114,291.209
6115,189.7274
6116,159.09013
6117,144.91235
6118,141.92813
6119,115.9354
6120,93.552185
6121,104.71923
6122,74.20934
6123,46.684074
6124,31.84537
6125,35.196873
6126,63.689995
6127,140.59706
6128,249.66931
6129,179.07115
6130,128.73753
6131,146.94557
6132,148.17584
6133,159.95706
6134,158.80128
6135,163.68904
6136,183.10149
6137,200.9966
6138,284.05435
6139,181.93388
6140,153.06166
6141,142.08124
6142,136.61656
6143,113.18352
6144,94.120705
6145,90.50205
6146,70.12939
6147,40.844166
6148,34.14011
6149,37.899765
6150,83.12387
6151,136.8146
6152,298.5416
6153,181.88226
6154,124.82864
6155,146.17215
6156,147.73991
6157,147.82074
6158,153.91138
6159,157.0799
6160,165.21219
6161,188.5856
6162,273.33044
6163,174.01683
6164,151.17784
6165,140.76704
6166,136.09724
6167,108.24474
6168,115.19083
6169,113.87363
6170,85.930954
6171,51.630756
6172,35.663754
6173,36.182922
6174,51.682568
6175,88.67256
6176,144.25731
6177,144.31374
6178,114.2342
6179,149.57076
6180,189.24338
6181,197.84967
6182,236.71118
6183,252.181
6184,258.24823
6185,241.91615
6186,223.94635
6187,181.54832
6188,160.41475
6189,157.42715
6190,162.68564
6191,131.34465
6192,115.00845
6193,128.8084
6194,100.76971
6195,61.894897
6196,40.951866
6197,29.539324
6198,44.685574
6199,73.19018
6200,119.36301
6201,161.3422
6202,143.82433
6203,162.1828
6204,226.60161
6205,232.30673
6206,236.29561
6207,233.70454
6208,237.82027
6209,222.38506
6210,207.7763
6211,166.58206
6212,150.03986
6213,143.45947
6214,143.62401
6215,115.25742
6216,138.6653
6217,114.45792
6218,75.38623
6219,42.414486
6220,36.16325
6221,44.50569
6222,85.196075
6223,190.07132
6224,396.70236
6225,219.65181
6226,140.30981
6227,170.24036
6228,178.74706
6229,176.39406
6230,185.16992
6231,209.87524
6232,229.86757
6233,266.81754
6234,451.15143
6235,290.32333
6236,230.03697
6237,223.8476
6238,188.33524
6239,141.79257
6240,110.52236
6241,109.95392
6242,92.98337
6243,54.730225
6244,39.41601
6245,44.874992
6246,97.63191
6247,214.50966
6248,537.86273
6249,279.70425
6250,186.56938
6251,231.13892
6252,265.6059
6253,285.15076
6254,294.44043
6255,279.15796
6256,205.48346
6257,151.66776
6258,49.676235
6259,44.230175
6260,126.36033
6261,60.00418
6262,70.66399
6263,136.55885
6264,147.99036
6265,144.40749
6266,104.05801
6267,69.783195
6268,51.85372
6269,50.39932
6270,103.74894
6271,166.36488
6272,296.68765
6273,206.12311
6274,174.85126
6275,218.21387
6276,247.58951
6277,248.26656
6278,248.33382
6279,261.69238
6280,268.68924
6281,292.71118
6282,464.30826
6283,303.8991
6284,255.63795
6285,263.728
6286,238.63576
6287,163.95277
6288,105.387825
6289,113.932884
6290,82.85573
6291,63.34384
6292,45.4507
6293,43.95514
6294,73.18456
6295,208.22787
6296,502.36166
6297,253.45705
6298,206.67671
6299,247.53627
6300,284.05313
6301,313.16995
6302,324.65994
6303,378.91022
6304,365.74872
6305,377.0935
6306,452.2542
6307,355.50046
6308,281.94693
6309,259.6494
6310,239.87291
6311,169.2248
6312,153.26587
6313,162.94736
6314,108.41263
6315,75.18008
6316,58.5405
6317,55.819344
6318,114.516655
6319,280.5226
6320,566.63074
6321,298.47144
6322,230.79102
6323,284.24838
6324,359.5238
6325,314.57336
6326,327.15573
6327,348.2063
6328,366.13226
6329,371.57788
6330,424.4103
6331,377.54672
6332,309.401
6333,296.82944
6334,295.2259
6335,208.65627
6336,157.89122
6337,130.7918
6338,97.74604
6339,27.229586
6340,12.452128
6341,43.33986
6342,63.9375
6343,118.24463
6344,187.8441
6345,148.44168
6346,138.96104
6347,161.38136
6348,218.37187
6349,225.97621
6350,261.36664
6351,260.46353
6352,346.633
6353,330.89124
6354,398.35852
6355,290.25565
6356,355.0925
6357,291.82703
6358,285.77582
6359,182.03958
6360,189.2588
6361,206.01482
6362,155.68405
6363,86.45506
6364,58.851704
6365,50.695435
6366,62.211323
6367,119.03028
6368,182.62566
6369,221.1396
6370,218.96799
6371,294.77872
6372,330.0293
6373,366.43723
6374,392.99216
6375,392.9811
6376,413.98285
6377,405.3474
6378,371.60162
6379,296.57773
6380,238.8622
6381,231.20032
6382,229.7801
6383,172.12575
6384,163.09972
6385,157.82475
6386,108.233185
6387,68.60552
6388,55.598545
6389,40.09227
6390,53.956493
6391,101.64484
6392,157.20398
6393,195.82748
6394,219.03493
6395,276.66556
6396,344.1074
6397,354.626
6398,366.90912
6399,428.91153
6400,463.7969
6401,382.92868
6402,376.9355
6403,280.51593
6404,226.15656
6405,205.56715
6406,199.75127
6407,163.48997
6408,169.5389
6409,139.81505
6410,82.851776
6411,61.64236
6412,46.573048
6413,53.229904
6414,117.42446
6415,298.50558
6416,634.7083
6417,295.94022
6418,237.9312
6419,305.4915
6420,331.0268
6421,394.8849
6422,466.17532
6423,477.15683
6424,482.8613
6425,612.53284
6426,619.3709
6427,467.09872
6428,351.65576
6429,324.67728
6430,295.2225
6431,211.1835
6432,198.27051
6433,194.35979
6434,119.91844
6435,78.37123
6436,55.93626
6437,56.430756
6438,108.0812
6439,317.15445
6440,573.37866
6441,359.25494
6442,261.45477
6443,299.1157
6444,313.24524
6445,315.09702
6446,339.7538
6447,368.67462
6448,372.09985
6449,397.84256
6450,517.8348
6451,427.47147
6452,394.40878
6453,373.32172
6454,369.86618
6455,267.4349
6456,239.92323
6457,203.6844
6458,149.04121
6459,99.13667
6460,64.277275
6461,62.28969
6462,140.3774
6463,343.9171
6464,531.3942
6465,370.5831
6466,274.84995
6467,312.7029
6468,392.28613
6469,372.42276
6470,218.84492
6471,57.97533
6472,60.999496
6473,155.2441
6474,94.53582
6475,74.13584
6476,183.93422
6477,65.462006
6478,68.08861
6479,126.88695
6480,210.20616
6481,146.82657
6482,117.07336
6483,83.582146
6484,68.002625
6485,68.08698
6486,145.6663
6487,467.83276
6488,790.2263
6489,502.8297
6490,401.7228
6491,460.09808
6492,470.75323
6493,399.83563
6494,149.48691
6495,237.77104
6496,289.08698
6497,361.84186
6498,615.2147
6499,338.45087
6500,254.63039
6501,182.24324
6502,193.47977
6503,135.9152
6504,138.17982
6505,152.80278
6506,115.2888
6507,68.77086
6508,51.66133
6509,35.221115
6510,82.45089
6511,346.4276
6512,753.77466
6513,457.40506
6514,333.83188
6515,455.0586
6516,642.0507
6517,652.2113
6518,757.1251
6519,764.7145
6520,817.4721
6521,833.9774
6522,1017.2732
6523,697.4511
6524,533.3336
6525,513.6139
6526,450.00305
6527,339.59106
6528,287.494
6529,232.74048
6530,154.6345
6531,110.03857
6532,74.594444
6533,83.78353
6534,166.14235
6535,433.46466
6536,791.0207
6537,494.9517
6538,402.95105
6539,462.8531
6540,619.4007
6541,695.31433
6542,736.8305
6543,876.54004
6544,1001.5854
6545,986.95197
6546,1191.2749
6547,882.8274
6548,611.73804
6549,546.59625
6550,505.88013
6551,363.7092
6552,347.70505
6553,314.39148
6554,228.29851
6555,149.48491
6556,108.199905
6557,90.58188
6558,146.32007
6559,290.14786
6560,357.34296
6561,467.56915
6562,447.51932
6563,517.0186
6564,672.88776
6565,706.88586
6566,719.0027
6567,637.1232
6568,697.4428
6569,665.66516
6570,512.1482
6571,367.17532
6572,254.43365
6573,263.54837
6574,262.09286
6575,161.24313
6576,146.91846
6577,143.02151
6578,96.133995
6579,50.95079
6580,52.366394
6581,40.498024
6582,50.71815
6583,140.52072
6584,255.79976
6585,299.08148
6586,364.30994
6587,435.65698
6588,750.01404
6589,778.70917
6590,859.4862
6591,792.25653
6592,886.5443
6593,892.1182
6594,865.22656
6595,743.15717
6596,400.56747
6597,441.5518
6598,292.80316
6599,191.27107
6600,115.75946
6601,103.33451
6602,48.91823
6603,23.027029
6604,24.996765
6605,21.996996
6606,47.360027
6607,149.65573
6608,495.7082
6609,364.62677
6610,351.5287
6611,468.44394
6612,636.64307
6613,665.59436
6614,679.1329
6615,790.44226
6616,936.0609
6617,1175.6902
6618,1713.7166
6619,1214.4586
6620,1073.6357
6621,701.14307
6622,616.33105
6623,379.6233
6624,307.9499
6625,257.84167
6626,175.67686
6627,110.722115
6628,82.60618
6629,104.48789
6630,205.04057
6631,589.45
6632,846.40967
6633,643.7254
6634,582.91064
6635,600.9108
6636,690.10504
6637,776.9318
6638,777.29865
6639,889.4673
6640,926.33405
6641,1138.5784
6642,1408.8456
6643,1069.5061
6644,976.97485
6645,925.5173
6646,839.72955
6647,541.20026
6648,350.70914
6649,254.54031
6650,175.68893
6651,110.565056
6652,89.891365
6653,89.80247
6654,114.91268
6655,379.21548
6656,848.3872
6657,594.7398
6658,529.216
6659,558.27625
6660,638.08124
6661,741.29694
6662,776.6055
6663,810.5758
6664,920.31464
6665,1174.5223
6666,1678.8643
6667,1156.5055
6668,934.83514
6669,788.7687
6670,716.49744
6671,459.55978
6672,291.49368
6673,288.9085
6674,194.51157
6675,138.39658
6676,97.38191
6677,114.95532
6678,208.18341
6679,554.53296
6680,771.004
6681,552.7228
6682,398.53976
6683,509.4109
6684,605.01483
6685,669.6571
6686,673.4588
6687,740.07776
6688,895.7709
6689,1048.3345
6690,1520.0624
6691,1099.7982
6692,837.9788
6693,783.2849
6694,750.6044
6695,487.81403
6696,439.19492
6697,311.63965
6698,211.41281
6699,153.8735
6700,108.46066
6701,111.762314
6702,238.63634
6703,651.84784
6704,981.07227
6705,717.99133
6706,610.66345
6707,753.0371
6708,867.48425
6709,890.28156
6710,911.39264
6711,936.235
6712,992.0581
6713,1274.1583
6714,1531.8762
6715,1139.3413
6716,951.82007
6717,876.6855
6718,839.26843
6719,502.092
6720,496.2777
6721,393.82413
6722,266.4416
6723,173.96547
6724,125.77326
6725,90.4898
6726,133.16084
6727,262.8933
6728,439.44064
6729,549.31256
6730,556.62
6731,729.2539
6732,848.8299
6733,980.5087
6734,1064.0581
6735,1066.362
6736,1185.6918
6737,1190.941
6738,1198.483
6739,1043.5206
6740,885.9527
6741,847.97833
6742,767.4392
6743,525.81696
6744,468.3269
6745,405.48972
6746,303.9807
6747,209.60771
6748,135.52069
6749,100.443016
6750,187.23074
6751,391.95016
6752,562.26544
6753,807.3506
6754,688.7611
6755,921.7257
6756,1163.0178
6757,1136.5339
6758,1195.1866
6759,1328.1821
6760,1607.5105
6761,1739.2194
6762,1558.0013
6763,1640.6978
6764,1475.741
6765,1316.214
6766,1251.8141
6767,914.5794
6768,617.1042
6769,322.12204
6770,337.10953
6771,210.07349
6772,142.99315
6773,136.0395
6774,227.74303
6775,363.532
6776,609.313
6777,794.39844
6778,654.52893
6779,774.7949
6780,1000.2891
6781,1278.6512
6782,1270.434
6783,1249.5032
6784,1266.6793
6785,375.6789
6786,342.64
6787,1074.8164
6788,258.9796
6789,159.05304
6790,54.59034
6791,31.588657
6792,30.181437
6793,86.015526
6794,165.5813
6795,84.77224
6796,12.052695
6797,15.368623
6798,20.253222
6799,24.118292
6800,28.76132
6801,20.153513
6802,13.605435
6803,33.082172
6804,28.870075
6805,25.890343
6806,26.92712
6807,29.894253
6808,62.297886
6809,64.903564
6810,65.233604
6811,43.89609
6812,73.37419
6813,75.0784
6814,197.74254
6815,348.17358
6816,405.07922
6817,281.33133
6818,205.33194
6819,40.72898
6820,46.763557
6821,53.86499
6822,218.03914
6823,842.7702
6824,1318.7148
6825,638.874
6826,583.2412
6827,693.14996
6828,854.9654
6829,936.072
6830,989.77496
6831,1007.78217
6832,1174.8467
6833,1471.21
6834,2177.4272
6835,1606.5619
6836,1364.0481
6837,1273.4719
6838,1055.9165
6839,612.0575
6840,444.88232
6841,186.06802
6842,218.58012
6843,140.72295
6844,104.601654
6845,115.19901
6846,324.3373
6847,696.2413
6848,1633.6211
6849,853.2638
6850,630.7941
6851,889.22766
6852,1045.0638
6853,1067.8774
6854,1085.659
6855,1158.2777
6856,1463.9774
6857,1896.7603
6858,2345.4822
6859,1874.8832
6860,1224.5277
6861,1509.6865
6862,1289.1931
6863,865.5848
6864,489.96783
6865,237.73306
6866,255.52852
6867,155.3182
6868,84.76294
6869,80.67002
6870,259.34515
6871,555.731
6872,476.57883
6873,541.55676
6874,483.79886
6875,707.38257
6876,770.27313
6877,830.1471
6878,996.74146
6879,1111.3582
6880,1342.6316
6881,1641.0803
6882,2094.7483
6883,1409.6393
6884,1268.535
6885,1161.9021
6886,1141.7256
6887,743.2082
6888,581.0319
6889,259.40552
6890,267.4955
6891,205.68727
6892,135.58882
6893,147.34502
6894,383.47522
6895,1042.1294
6896,1511.9097
6897,725.5627
6898,675.60547
6899,794.71515
6900,934.5998
6901,950.7895
6902,1008.71484
6903,1104.0953
6904,1302.9021
6905,1507.6068
6906,2185.5251
6907,1634.1976
6908,1211.8641
6909,1163.496
6910,941.93756
6911,774.5404
6912,486.90842
6913,360.096
6914,260.17615
6915,185.58759
6916,114.67966
6917,80.11441
6918,149.8521
6919,393.04877
6920,525.3335
6921,642.62195
6922,699.8324
6923,1031.737
6924,1152.7782
6925,1154.8204
6926,1203.6294
6927,1266.9651
6928,1468.0424
6929,1695.1085
6930,1735.1952
6931,1460.0491
6932,1315.2916
6933,1269.8022
6934,1123.5564
6935,791.8793
6936,643.5981
6937,253.26907
6938,309.4509
6939,218.48302
6940,143.86343
6941,100.113556
6942,161.52625
6943,368.89374
6944,658.1327
6945,719.8576
6946,789.7302
6947,920.4999
6948,1113.7975
6949,1202.6266
6950,1257.0192
6951,1292.9879
6952,1412.115
6953,1570.3452
6954,1742.0571
6955,1491.5363
6956,1196.4971
6957,1183.7168
6958,1031.0343
6959,752.056
6960,447.8677
6961,264.47403
6962,211.89847
6963,139.13628
6964,87.474915
6965,141.79385
6966,353.71994
6967,907.389
6968,1429.9949
6969,795.72345
6970,692.9018
6971,775.0122
6972,851.78
6973,889.553
6974,904.3653
6975,1018.2365
6976,1225.723
6977,1593.4857
6978,2347.0955
6979,1571.7543
6980,1443.3804
6981,1405.1342
6982,1244.0046
6983,904.0617
6984,659.96704
6985,301.40448
6986,265.4527
6987,177.5863
6988,131.81616
6989,180.7776
6990,329.9003
6991,730.50336
6992,1519.1732
6993,1106.4401
6994,844.99426
6995,1113.1614
6996,1335.218
6997,1374.601
6998,1459.8235
6999,1670.8253
7000,1999.3098
7001,2105.7666
7002,2674.8672
7003,1925.4838
7004,1744.9586
7005,1479.5804
7006,1254.1992
7007,947.71606
7008,666.4658
7009,532.7363
7010,401.7644
7011,256.84012
7012,167.65482
7013,179.44829
7014,277.49332
7015,701.36176
7016,922.6492
7017,929.72687
7018,843.80084
7019,1043.1311
7020,1239.9225
7021,1190.3052
7022,1288.9601
7023,1157.8922
7024,1174.5957
7025,455.36725
7026,100.56162
7027,103.85793
7028,261.8836
7029,1189.3105
7030,815.113
7031,45.691685
7032,28.261778
7033,20.23041
7034,19.42343
7035,38.83929
7036,123.04276
7037,155.25179
7038,294.93942
7039,959.246
7040,1383.4327
7041,975.288
7042,821.6968
7043,976.46674
7044,1101.9331
7045,1174.2301
7046,1324.2303
7047,1501.4164
7048,1621.5018
7049,1809.721
7050,2750.453
7051,2136.9487
7052,1641.6759
7053,1536.1532
7054,1280.6259
7055,866.7883
7056,590.85254
7057,366.49768
7058,295.11472
7059,209.2493
7060,151.09634
7061,182.30765
7062,331.16415
7063,991.3195
7064,975.884
7065,970.84436
7066,657.3599
7067,935.6851
7068,845.1909
7069,1156.6942
7070,1040.1897
7071,1384.7612
7072,1450.7898
7073,2194.6294
7074,2387.349
7075,1719.5037
7076,1409.6884
7077,1329.0532
7078,1235.6564
7079,815.9654
7080,752.0155
7081,501.49023
7082,385.2556
7083,273.84692
7084,177.79262
7085,194.51962
7086,370.27203
7087,1151.7655
7088,1513.8561
7089,1176.2374
7090,896.60034
7091,1143.3507
7092,1315.0095
7093,1237.5238
7094,1354.3104
7095,1508.072
7096,1664.4724
7097,2253.84
7098,2787.3113
7099,1985.3939
7100,1719.4701
7101,1709.9683
7102,1423.0044
7103,998.6073
7104,799.00085
7105,587.10944
7106,431.2595
7107,322.0586
7108,209.23413
7109,165.31984
7110,254.61206
7111,574.8227
7112,719.38544
7113,1108.1593
7114,1029.1354
7115,1084.6962
7116,1353.0646
7117,1392.881
7118,1437.9608
7119,1574.7213
7120,1736.421
7121,1801.7949
7122,1884.1447
7123,1814.379
7124,1530.0023
7125,1597.4813
7126,1481.6469
7127,1208.8411
7128,989.7844
7129,690.639
7130,485.72897
7131,326.83093
7132,208.98465
7133,183.4083
7134,278.07294
7135,518.7425
7136,733.6027
7137,1040.8352
7138,930.0062
7139,1097.7471
7140,1443.1855
7141,1537.2156
7142,1555.419
7143,1954.6523
7144,2179.8467
7145,2246.5654
7146,2316.6614
7147,1803.8951
7148,1872.5074
7149,1882.2544
7150,1515.5541
7151,1138.6423
7152,695.4141
7153,430.6034
7154,313.4613
7155,216.81223
7156,144.66318
7157,200.2296
7158,372.5952
7159,779.4837
7160,1687.7618
7161,1226.2305
7162,1001.66516
7163,1058.1489
7164,1256.4224
7165,1263.149
7166,1261.08
7167,1361.258
7168,1559.5645
7169,1971.4583
7170,2705.6594
7171,2328.4138
7172,2117.1335
7173,1970.9799
7174,1603.2444
7175,1196.2026
7176,825.94836
7177,466.629
7178,387.0887
7179,286.08313
7180,168.0067
7181,201.33109
7182,445.6743
7183,1306.533
7184,1838.7538
7185,1129.6909
7186,817.3458
7187,1005.8335
7188,1092.0802
7189,1269.9027
7190,1333.1447
7191,1440.0543
7192,1143.5012
7193,1749.632
7194,2369.5466
7195,1680.491
7196,287.37024
7197,127.734406
7198,1222.8765
7199,515.3486
7200,628.4997
7201,438.7135
7202,260.42203
7203,198.55879
7204,120.50604
7205,150.25128
7206,311.15512
7207,972.9062
7208,1489.2393
7209,837.0415
7210,672.55835
7211,822.5063
7212,1034.6858
7213,1220.1255
7214,1311.2632
7215,1498.9884
7216,1648.8103
7217,2384.3774
7218,3164.5881
7219,1990.751
7220,1742.053
7221,1621.6704
7222,1181.4325
7223,790.4257
7224,477.22647
7225,423.67712
7226,319.9797
7227,243.47522
7228,168.23486
7229,173.04242
7230,288.58548
7231,671.1865
7232,871.2471
7233,821.0932
7234,665.0655
7235,833.4324
7236,1152.9216
7237,1067.8943
7238,1194.7952
7239,1314.5249
7240,1457.442
7241,1942.5371
7242,2827.1619
7243,2198.1768
7244,1937.3993
7245,1666.4722
7246,1466.7458
7247,1064.6184
7248,808.9078
7249,737.96765
7250,537.3546
7251,387.67502
7252,216.14848
7253,294.823
7254,669.35675
7255,1315.1469
7256,1971.6876
7257,1060.3799
7258,1014.142
7259,1044.2135
7260,1135.0461
7261,1049.1707
7262,1151.787
7263,1337.776
7264,1544.6117
7265,1940.2236
7266,2880.6416
7267,2461.4797
7268,2043.0344
7269,2148.4707
7270,1891.8518
7271,1362.6829
7272,980.0544
7273,777.7313
7274,657.5132
7275,413.31754
7276,236.63985
7277,331.77664
7278,576.3539
7279,1296.2659
7280,2072.8408
7281,1231.2423
7282,933.8403
7283,1014.8599
7284,1060.5417
7285,1031.2571
7286,988.2008
7287,1228.6494
7288,1406.717
7289,1995.3289
7290,2743.1038
7291,2462.2861
7292,2184.9375
7293,2134.069
7294,1860.5917
7295,1469.3682
7296,1128.7518
7297,928.8725
7298,661.99994
7299,450.82434
7300,298.1737
7301,289.72577
7302,483.81662
7303,721.9662
7304,921.2112
7305,1157.9215
7306,1061.2196
7307,1163.5848
7308,1333.2146
7309,1384.5104
7310,1350.427
7311,1579.2594
7312,1678.2416
7313,1718.7126
7314,1834.6235
7315,1541.3553
7316,904.06476
7317,1208.2993
7318,1003.1957
7319,877.55585
7320,957.7939
7321,691.8678
7322,340.57782
7323,147.35394
7324,142.78513
7325,200.71214
7326,274.47208
7327,625.69696
7328,909.7419
7329,1054.0457
7330,1076.3652
7331,1085.4111
7332,1229.2449
7333,1156.779
7334,1172.3129
7335,1318.7639
7336,1582.2654
7337,2109.5593
7338,2258.825
7339,2441.0947
7340,2162.3447
7341,1818.9381
7342,1367.6152
7343,1174.7441
7344,844.75977
7345,617.4409
7346,423.31747
7347,235.00217
7348,189.73717
7349,300.39868
7350,555.08636
7351,954.60815
7352,2072.1877
7353,1185.8839
7354,987.04517
7355,1008.6889
7356,999.00446
7357,943.5946
7358,948.1039
7359,1089.7056
7360,1409.6675
7361,1843.6835
7362,2537.2695
7363,2135.1306
7364,2020.2628
7365,1770.2357
7366,1482.9192
7367,1329.0222
7368,1129.434
7369,833.65533
7370,630.76105
7371,422.65933
7372,282.8749
7373,368.2217
7374,666.69885
7375,483.60812
7376,204.36443
7377,137.63567
7378,56.688557
7379,78.13753
7380,112.77909
7381,124.69271
7382,108.745125
7383,124.39714
7384,224.5021
7385,178.52397
7386,167.13982
7387,165.56715
7388,150.09296
7389,173.13156
7390,119.35851
7391,499.0851
7392,391.5627
7393,198.71375
7394,165.22275
7395,186.9638
7396,122.28414
7397,192.60805
7398,195.23645
7399,242.82072
7400,466.83575
7401,542.41895
7402,1004.3315
7403,1055.7202
7404,1145.3179
7405,1243.1495
7406,1197.4165
7407,1508.8114
7408,1743.134
7409,2218.579
7410,2673.8545
7411,2328.1575
7412,1998.0957
7413,1754.2935
7414,1655.3551
7415,1222.9376
7416,812.2139
7417,641.4638
7418,539.1381
7419,347.45114
7420,213.73216
7421,216.53049
7422,435.65262
7423,1185.2
7424,1995.2908
7425,1270.8527
7426,1003.38184
7427,1085.4437
7428,1135.9287
7429,1159.9507
7430,1131.8466
7431,1140.4382
7432,1340.9591
7433,200.19237
7434,66.06014
7435,118.95459
7436,273.70804
7437,322.53903
7438,440.50113
7439,362.0296
7440,397.08673
7441,299.54205
7442,269.12634
7443,214.77557
7444,143.37596
7445,78.73505
7446,98.955124
7447,149.60292
7448,674.52356
7449,1060.8229
7450,1189.4689
7451,1168.2058
7452,1184.1453
7453,1193.7491
7454,1167.312
7455,1312.5763
7456,1531.7257
7457,2035.74
7458,2820.4375
7459,2350.275
7460,2225.2625
7461,2116.1604
7462,1806.2198
7463,1433.7919
7464,1078.3431
7465,743.3698
7466,509.86945
7467,351.09332
7468,153.26959
7469,280.5312
7470,396.68097
7471,699.03827
7472,920.73737
7473,921.3667
7474,885.41125
7475,879.86957
7476,143.45372
7477,371.78152
7478,863.4667
7479,965.56885
7480,1127.1835
7481,1288.5404
7482,1232.4934
7483,183.71954
7484,379.69696
7485,926.27844
7486,733.1666
7487,276.25583
7488,1090.7125
7489,943.06024
7490,688.7739
7491,477.64148
7492,316.60825
7493,284.37555
7494,510.31335
7495,715.9636
7496,851.66504
7497,847.4876
7498,724.1856
7499,792.1708
7500,889.80237
7501,894.58636
7502,801.99225
7503,804.45
7504,1127.6716
7505,1155.2252
7506,1454.5789
7507,1580.7157
7508,1635.069
7509,1851.181
7510,1654.3727
7511,1294.4344
7512,949.1343
7513,749.90283
7514,532.88776
7515,365.76407
7516,231.2539
7517,228.9821
7518,318.254
7519,415.79718
7520,618.3086
7521,728.0455
7522,645.9969
7523,674.9753
7524,671.75385
7525,688.3067
7526,687.5765
7527,801.93567
7528,900.61615
7529,1221.5249
7530,1601.8582
7531,1467.2216
7532,1435.9937
7533,1723.9879
7534,1542.0522
7535,1107.912
7536,798.0451
7537,566.26746
7538,397.83078
7539,257.87106
7540,196.98082
7541,300.50555
7542,656.66345
7543,1073.0369
7544,1753.7539
7545,921.4212
7546,716.6888
7547,706.90674
7548,701.3748
7549,751.09845
7550,733.11804
7551,741.1213
7552,921.2099
7553,1237.1615
7554,2073.7307
7555,2057.0994
7556,1935.5729
7557,1954.2666
7558,1782.1881
7559,1296.1849
7560,960.93524
7561,767.0141
7562,507.863
7563,349.60315
7564,241.56181
7565,309.39026
7566,704.743
7567,1231.2188
7568,1665.8843
7569,897.33386
7570,737.5613
7571,684.4493
7572,766.1606
7573,718.3814
7574,682.7083
7575,805.48755
7576,953.01447
7577,1279.5118
7578,2064.4731
7579,1944.4137
7580,1938.0942
7581,2062.699
7582,1738.0496
7583,1316.6075
7584,974.92676
7585,751.50934
7586,556.543
7587,377.37396
7588,235.83319
7589,280.43463
7590,653.9733
7591,1170.1235
7592,1702.2445
7593,1003.8187
7594,819.2461
7595,853.1849
7596,860.7507
7597,874.52277
7598,777.1193
7599,818.31256
7600,926.8466
7601,1342.5612
7602,2532.9685
7603,2205.6714
7604,1920.4021
7605,1868.591
7606,1811.5029
7607,1322.7574
7608,967.86676
7609,730.07117
7610,498.33795
7611,346.34454
7612,233.56885
7613,285.48788
7614,646.2101
7615,1171.2137
7616,1549.9017
7617,1006.2916
7618,783.2397
7619,798.0718
7620,780.3674
7621,794.0958
7622,758.2874
7623,836.3641
7624,954.4557
7625,1342.9376
7626,2124.3164
7627,1936.4583
7628,1860.4861
7629,1811.205
7630,1660.0275
7631,1249.9227
7632,902.7651
7633,755.8914
7634,544.10016
7635,364.4149
7636,224.40825
7637,281.86896
7638,604.0552
7639,1078.2115
7640,1682.1512
7641,962.3072
7642,738.35236
7643,741.2422
7644,721.7273
7645,715.98615
7646,699.02325
7647,790.03534
7648,953.5959
7649,1285.3206
7650,2105.1863
7651,1932.8217
7652,1752.4315
7653,1715.3787
7654,1645.2596
7655,1290.3456
7656,993.27795
7657,817.9685
7658,592.5703
7659,397.67432
7660,260.05435
7661,239.40794
7662,406.26212
7663,584.7728
7664,779.8737
7665,757.29987
7666,709.6292
7667,707.04565
7668,686.95386
7669,727.5173
7670,718.5613
7671,413.59552
7672,413.45673
7673,1208.6232
7674,1366.6992
7675,1387.7815
7676,1239.8445
7677,1465.1885
7678,1583.751
7679,1290.6693
7680,980.4914
7681,671.4269
7682,504.58356
7683,349.16666
7684,233.45996
7685,233.02087
7686,315.13577
7687,406.88327
7688,632.36224
7689,752.82996
7690,669.7798
7691,675.9709
7692,749.5485
7693,721.1267
7694,746.8328
7695,876.1276
7696,1160.6212
7697,1297.4779
7698,1699.5535
7699,1618.608
7700,1900.3126
7701,1879.8004
7702,1758.2529
7703,1360.1719
7704,828.47833
7705,557.7505
7706,396.88757
7707,259.1381
7708,207.79413
7709,288.75314
7710,690.8527
7711,1193.7798
7712,1841.5677
7713,889.06696
7714,670.49744
7715,682.60675
7716,722.12146
7717,738.4573
7718,707.4348
7719,809.8796
7720,923.8224
7721,1264.602
7722,2027.6361
7723,1726.2673
7724,1636.3279
7725,1715.6216
7726,1653.5359
7727,1238.7725
7728,946.8691
7729,749.73834
7730,537.8843
7731,373.46164
7732,253.91588
7733,312.35165
7734,696.31696
7735,1213.0504
7736,1917.7867
7737,999.75885
7738,727.4
7739,733.5908
7740,754.76807
7741,738.4611
7742,755.18097
7743,805.0225
7744,965.7567
7745,1228.3273
7746,2148.8284
7747,1796.6893
7748,1651.6187
7749,1848.1814
7750,1714.6476
7751,1274.0781
7752,886.341
7753,643.68243
7754,421.831
7755,297.49725
7756,195.59706
7757,167.13304
7758,348.13226
7759,334.5957
7760,910.1345
7761,912.3762
7762,691.5587
7763,619.3954
7764,793.39105
7765,895.4036
7766,908.0235
7767,1002.72894
7768,1218.1862
7769,1682.1296
7770,2722.2344
7771,2221.2827
7772,1897.5536
7773,1694.3933
7774,1665.723
7775,1277.8309
7776,960.47534
7777,768.80865
7778,563.80273
7779,392.41653
7780,270.04907
7781,288.3852
7782,590.86945
7783,1098.4664
7784,1929.8489
7785,893.4771
7786,677.8194
7787,656.67035
7788,677.96094
7789,613.841
7790,660.62823
7791,740.51514
7792,854.9058
7793,1216.9989
7794,2017.8704
7795,1600.0337
7796,1510.5889
7797,1639.2675
7798,1554.6581
7799,1167.8916
7800,876.69135
7801,710.3845
7802,488.0146
7803,335.6379
7804,239.61089
7805,287.4611
7806,630.0582
7807,1038.8557
7808,1640.5984
7809,939.90466
7810,717.2618
7811,775.34485
7812,767.64966
7813,849.1821
7814,876.969
7815,870.4929
7816,1089.0074
7817,1612.0878
7818,2700.8052
7819,2180.8499
7820,1928.5657
7821,1657.317
7822,869.9299
7823,803.43494
7824,947.2448
7825,750.0183
7826,548.9206
7827,282.33722
7828,203.09338
7829,213.5932
7830,668.39
7831,862.21387
7832,1602.1378
7833,915.44196
7834,780.30634
7835,802.5106
7836,582.8695
7837,864.90155
7838,134.67577
7839,203.03528
7840,986.116
7841,901.74115
7842,288.13214
7843,848.25214
7844,1544.6265
7845,1635.5852
7846,1462.3435
7847,1149.9332
7848,994.25885
7849,845.56335
7850,581.6967
7851,420.01117
7852,303.53735
7853,258.58475
7854,460.92792
7855,640.68274
7856,821.0728
7857,796.5924
7858,724.15
7859,815.3314
7860,907.74164
7861,940.3319
7862,919.3164
7863,909.6009
7864,1247.7117
7865,1612.9958
7866,1751.353
7867,1626.8488
7868,1466.2194
7869,1404.175
7870,1256.7303
7871,1048.895
7872,901.3181
7873,605.4278
7874,377.0935
7875,282.68802
7876,187.4597
7877,162.94464
7878,198.6766
7879,258.5268
7880,559.0869
7881,770.6277
7882,754.67914
7883,843.2104
7884,996.9525
7885,804.386
7886,672.3361
7887,1080.9688
7888,1484.4402
7889,1830.2511
7890,1755.4198
7891,1626.457
7892,1474.089
7893,1577.7721
7894,425.37915
7895,393.85495
7896,605.59033
7897,167.6792
7898,74.92944
7899,44.696133
7900,41.50884
7901,39.570763
7902,77.670105
7903,76.61803
7904,140.98213
7905,215.87645
7906,134.09251
7907,131.8164
7908,271.9992
7909,171.69456
7910,304.74585
7911,454.64975
7912,846.04614
7913,1318.8444
7914,1626.8433
7915,1327.3363
7916,1381.9275
7917,1016.6913
7918,973.05554
7919,817.00995
7920,843.3133
7921,508.72513
7922,502.43066
7923,301.66415
7924,200.00908
7925,158.34375
7926,465.64746
7927,802.8432
7928,1775.1477
7929,947.9845
7930,768.47296
7931,792.53467
7932,266.57043
7933,186.83504
7934,186.70955
7935,253.916
7936,180.06157
7937,198.48108
7938,62.906456
7939,130.09943
7940,36.3108
7941,95.18668
7942,120.565186
7943,116.485214
7944,237.33064
7945,243.91307
7946,292.93387
7947,248.48827
7948,195.83653
7949,226.16205
7950,539.2837
7951,1042.0374
7952,1506.4211
7953,959.7955
7954,755.2253
7955,762.8974
7956,612.84863
7957,836.71387
7958,834.4408
7959,938.3145
7960,1082.9199
7961,238.84033
7962,240.63704
7963,104.64486
7964,40.391182
7965,68.10572
7966,127.120346
7967,266.4507
7968,302.8457
7969,409.24
7970,112.29308
7971,121.97433
7972,149.70718
7973,169.69742
7974,410.33386
7975,469.78543
7976,576.5471
7977,482.3341
7978,726.425
7979,684.91156
7980,793.00867
7981,807.62933
7982,810.9396
7983,891.8128
7984,1120.0752
7985,1495.7719
7986,2378.264
7987,1818.893
7988,1623.3004
7989,1549.465
7990,1508.6927
7991,1157.0676
7992,954.92456
7993,765.0387
7994,533.71295
7995,361.5047
7996,250.76569
7997,301.87238
7998,526.1578
7999,1015.4829
8000,1580.7919
8001,919.60046
8002,843.1034
8003,867.7697
8004,938.4962
8005,930.1233
8006,988.7188
8007,1116.5067
8008,1185.9105
8009,1863.8799
8010,2783.0999
8011,2151.2488
8012,1841.977
8013,1786.4038
8014,1546.4342
8015,1199.6305
8016,848.8234
8017,646.7585
8018,451.51794
8019,204.00711
8020,60.55554
8021,93.59605
8022,134.83423
8023,47.000027
8024,76.93462
8025,86.244415
8026,66.01291
8027,219.70334
8028,215.92598
8029,359.72546
8030,891.19305
8031,901.10925
8032,1103.6637
8033,1561.4434
8034,1933.9879
8035,1418.2125
8036,1476.3689
8037,1516.295
8038,1424.7106
8039,1213.1292
8040,956.72534
8041,816.0961
8042,511.54074
8043,279.3545
8044,286.06375
8045,33.296177
8046,52.928284
8047,126.76733
8048,701.4972
8049,930.16675
8050,873.2839
8051,1017.1573
8052,1299.2443
8053,1426.8508
8054,1453.685
8055,1557.7979
8056,1773.5748
8057,2018.389
8058,2126.4678
8059,2014.9061
8060,1647.541
8061,1660.8833
8062,1497.8452
8063,1122.105
8064,846.6697
8065,688.4515
8066,475.15857
8067,334.82568
8068,265.19788
8069,199.04851
8070,248.55333
8071,374.64188
8072,487.731
8073,879.12604
8074,699.6702
8075,929.52295
8076,1097.7999
8077,1326.9084
8078,1482.7354
8079,1568.2589
8080,1758.3192
8081,2096.443
8082,1618.0948
8083,1574.2648
8084,1568.772
8085,1462.635
8086,1222.5016
8087,930.25946
8088,736.17865
8089,500.62103
8090,379.37213
8091,226.44402
8092,200.37497
8093,216.77676
8094,390.51163
8095,737.9919
8096,942.6044
8097,865.1193
8098,794.7705
8099,1020.73425
8100,1080.6575
8101,1095.7394
8102,1133.3755
8103,1198.1361
8104,1472.7119
8105,1713.2704
8106,1949.0848
8107,1683.0603
8108,1358.01
8109,1313.6978
8110,1082.5415
8111,907.14105
8112,661.6705
8113,544.2031
8114,356.29877
8115,270.72815
8116,178.66568
8117,166.0367
8118,313.52484
8119,536.4422
8120,667.1603
8121,635.72723
8122,741.1432
8123,897.04895
8124,887.7292
8125,1081.4276
8126,1211.9808
8127,1306.3921
8128,1555.8558
8129,1737.6991
8130,1503.8152
8131,1420.8158
8132,1174.3947
8133,1193.8026
8134,962.24805
8135,753.6704
8136,787.90936
8137,547.5242
8138,422.6835
8139,287.34366
8140,199.23882
8141,224.54044
8142,498.22864
8143,1152.5781
8144,1975.2296
8145,1145.9445
8146,920.42523
8147,1052.268
8148,1133.8063
8149,1282.0745
8150,1324.8494
8151,1451.5599
8152,1751.4867
8153,2259.4756
8154,2629.3782
8155,2037.9535
8156,1836.416
8157,1820.283
8158,1506.947
8159,1071.4718
8160,766.98047
8161,591.3399
8162,387.71588
8163,262.97855
8164,170.76671
8165,205.96394
8166,415.56113
8167,1096.6896
8168,1573.044
8169,958.7553
8170,739.74084
8171,897.74646
8172,1182.3427
8173,1210.2667
8174,1272.5681
8175,1403.0547
8176,1682.7466
8177,2150.4888
8178,2506.9084
8179,1814.3765
8180,1481.2916
8181,1444.6066
8182,1269.4076
8183,939.6484
8184,1.1975594
8185,1.1503155
8186,1.0915632
8187,1.0821375
8188,1.0960029
8189,1.0249467
8190,1.0596752
8191,1.2032154
8192,1.294835
8193,1.2081373
8194,1.2350283
8195,1.1181965
8196,1.1421194
8197,1.1690067
8198,1.0811764
8199,1.1925354
8200,1.1275024
8201,1.1704955
8202,1.3099833
8203,1.1807743
8204,1.1455318
8205,1.2056383
8206,1.1568418
8207,1.2520393
8208,860.99243
8209,753.02454
8210,503.73083
8211,357.71033
8212,264.00568
8213,205.02014
8214,277.56277
8215,527.43414
8216,818.9477
8217,985.1389
8218,983.93665
8219,1143.8427
8220,1360.4015
8221,1435.1763
8222,1504.4657
8223,1639.6864
8224,1871.9379
8225,2101.809
8226,1960.0975
8227,1926.9589
8228,1614.4456
8229,1671.2572
8230,1487.7169
8231,1290.8693
8232,1.1687717
8233,1.1936938
8234,1.1242348
8235,1.1439824
8236,1.1445764
8237,1.106353
8238,1.104111
8239,1.1339089
8240,1.1155798
8241,1.1776093
8242,1.2008909
8243,1.2482361
8244,1.2134132
8245,1.2317252
8246,1.240911
8247,1.2381234
8248,1.2305561
8249,1.2577227
8250,1.2818432
8251,1.1368204
8252,1.0965481
8253,1.1073477
8254,1.1041877
8255,1.1569831
8256,737.4386
8257,544.9284
8258,454.42694
8259,291.42126
8260,201.07732
8261,146.84862
8262,207.1177
8263,359.00903
8264,586.1553
8265,843.255
8266,876.4786
8267,1079.6046
8268,1336.7998
8269,1404.9238
8270,1496.4253
8271,1603.541
8272,1828.9154
8273,1989.2024
8274,1836.2513
8275,1474.3364
8276,1225.5974
8277,1319.7219
8278,1010.01874
8279,795.646
8280,582.1709
8281,389.9603
8282,303.065
8283,199.00363
8284,139.037
8285,202.61545
8286,502.00415
8287,1251.3671
8288,1845.8748
8289,1151.6189
8290,913.99347
8291,927.4859
8292,1098.7739
8293,1159.7267
8294,1178.7124
8295,1263.2605
8296,1396.9291
8297,1747.3441
8298,2057.8076
8299,1752.9087
8300,1471.8029
8301,1400.3931
8302,1208.0032
8303,909.522
8304,655.5372
8305,492.19287
8306,380.4977
8307,278.7863
8308,168.45697
8309,170.7628
8310,400.33624
8311,951.0452
8312,1327.5718
8313,839.1172
8314,667.0289
8315,684.5469
8316,108.981415
8317,187.47668
8318,836.8994
8319,978.44904
8320,1033.5294
8321,1402.5142
8322,1890.6011
8323,1264.6835
8324,1222.1431
8325,1225.5792
8326,1057.8663
8327,688.4206
8328,689.45374
8329,522.6804
8330,267.81458
8331,217.51099
8332,147.43906
8333,122.74255
8334,236.2795
8335,371.57346
8336,1031.2389
8337,1005.79755
8338,926.50946
8339,1006.6833
8340,1200.6028
8341,1202.2894
8342,1253.942
8343,1285.535
8344,1553.2584
8345,1898.5627
8346,2532.9758
8347,1772.1681
8348,1486.0557
8349,1471.913
8350,1065.6052
8351,683.7137
8352,684.7352
8353,596.1012
8354,365.04898
8355,227.05025
8356,148.28102
8357,140.34607
8358,334.7473
8359,834.33856
8360,1860.1135
8361,1119.5247
8362,900.71704
8363,973.0718
8364,1189.795
8365,1200.4763
8366,1202.9333
8367,1258.002
8368,1401.7767
8369,1657.0862
8370,2536.8716
8371,1754.0533
8372,1441.8931
8373,1534.9794
8374,1312.4642
8375,1034.6616
8376,791.11536
8377,574.5125
8378,440.79214
8379,299.02142
8380,198.0801
8381,225.98795
8382,436.13336
8383,1288.5293
8384,1509.711
8385,788.8221
8386,709.02203
8387,83.368515
8388,66.4022
8389,74.364525
8390,20.998129
8391,102.51036
8392,274.05896
8393,1438.1165
8394,1899.6603
8395,1642.7463
8396,949.19855
8397,1275.0366
8398,1127.2361
8399,850.58795
8400,743.6499
8401,518.7994
8402,371.25607
8403,259.4654
8404,171.26912
8405,187.17906
8406,308.6932
8407,568.40894
8408,738.79364
8409,885.30865
8410,867.5997
8411,1006.8369
8412,1114.4828
8413,1134.233
8414,1179.008
8415,1201.1135
8416,1266.5615
8417,970.582
8418,1178.9805
8419,1090.7854
8420,895.4109
8421,860.1849
8422,781.4375
8423,628.7254
8424,608.089
8425,467.3186
8426,387.92578
8427,258.1358
8428,176.33888
8429,112.83159
8430,68.920395
8431,84.51413
8432,223.28516
8433,99.39891
8434,57.67803
8435,486.33783
8436,789.2111
8437,861.9122
8438,767.1809
8439,977.1328
8440,1130.2733
8441,275.41736
8442,287.1527
8443,663.1598
8444,673.56226
8445,808.4015
8446,629.99274
8447,537.3982
8448,369.9773
8449,279.4572
8450,201.50616
8451,141.20732
8452,113.29086
8453,160.03961
8454,383.52698
8455,993.5877
8456,1635.0245
8457,965.46893
8458,828.1193
8459,907.1835
8460,971.3533
8461,941.7575
8462,1016.58606
8463,1035.6967
8464,1217.9231
8465,1443.6791
8466,1894.9757
8467,1309.7141
8468,953.96606
8469,905.11896
8470,838.13824
8471,614.6444
8472,442.14594
8473,400.31296
8474,257.66568
8475,171.78531
8476,119.848015
8477,136.4473
8478,258.5532
8479,775.07874
8480,1141.9325
8481,862.17896
8482,571.3805
8483,727.30396
8484,858.16675
8485,912.5403
8486,973.66174
8487,994.89954
8488,1129.9662
8489,1398.0985
8490,1819.1627
8491,1266.4269
8492,1077.6029
8493,1045.853
8494,1005.29266
8495,768.9286
8496,517.70245
8497,433.38342
8498,341.01984
8499,211.71587
8500,158.41263
8501,165.46346
8502,374.00003
8503,967.7486
8504,1561.666
8505,853.61414
8506,680.5388
8507,853.78107
8508,968.2864
8509,993.6517
8510,1046.4111
8511,1090.6262
8512,1200.1838
8513,1510.962
8514,1935.931
8515,1399.1423
8516,1056.9487
8517,996.69727
8518,802.14984
8519,611.60443
8520,430.34784
8521,320.09662
8522,208.16434
8523,66.38165
8524,39.682095
8525,136.32391
8526,242.20992
8527,628.9605
8528,907.38074
8529,906.1964
8530,651.08057
8531,726.7926
8532,834.6072
8533,806.9869
8534,774.59436
8535,815.7658
8536,850.2076
8537,839.58545
8538,1271.6418
8539,1024.7297
8540,812.1094
8541,770.1005
8542,742.05414
8543,553.50055
8544,381.6765
8545,249.1919
8546,246.29765
8547,163.28842
8548,114.20234
8549,121.372154
8550,218.63496
8551,526.4291
8552,745.3703
8553,556.0682
8554,469.32822
8555,643.433
8556,689.4377
8557,673.36957
8558,684.3631
8559,720.4379
8560,796.5541
8561,908.2573
8562,1307.4865
8563,980.90295
8564,734.4529
8565,581.9899
8566,505.64764
8567,423.22968
8568,293.68018
8569,304.1531
8570,188.19637
8571,161.01448
8572,126.05533
8573,124.744095
8574,227.58583
8575,593.10004
8576,988.33563
8577,609.9842
8578,449.30878
8579,646.1611
8580,710.98096
8581,701.73645
8582,730.1624
8583,755.52496
8584,792.2675
8585,902.17596
8586,1191.396
8587,819.5794
8588,679.54004
8589,610.2845
8590,536.3997
8591,469.4032
8592,356.0277
8593,349.05362
8594,264.51553
8595,166.77742
8596,129.76375
8597,109.3594
8598,211.40031
8599,173.84682
8600,111.92476
8601,20.44592
8602,14.748173
8603,106.0882
8604,113.17542
8605,131.97647
8606,354.2302
8607,487.041
8608,383.48584
8609,240.98622
8610,290.02252
8611,269.86975
8612,280.05057
8613,325.66574
8614,324.67728
8615,253.73482
8616,301.77048
8617,285.68207
8618,210.82018
8619,113.56612
8620,86.78918
8621,53.136402
8622,64.919975
8623,78.56984
8624,95.91
8625,186.37651
8626,369.04242
8627,417.81946
8628,456.56677
8629,696.21704
8630,720.6245
8631,672.7174
8632,665.3916
8633,603.8205
8634,537.43024
8635,445.85965
8636,388.46796
8637,418.24585
8638,358.38968
8639,349.29523
8640,323.32742
8641,286.1092
8642,160.9411
8643,93.02638
8644,75.42204
8645,81.39625
8646,172.97444
8647,291.4488
8648,853.1934
8649,742.52844
8650,572.29584
8651,604.729
8652,747.3291
8653,912.3214
8654,936.8544
8655,968.0324
8656,1125.6301
8657,1143.3693
8658,1281.992
8659,1029.1433
8660,792.7977
8661,870.08875
8662,775.3238
8663,584.33325
8664,384.00952
8665,321.1915
8666,204.00945
8667,140.69067
8668,90.22039
8669,126.56831
8670,257.9718
8671,648.30914
8672,1101.724
8673,652.41815
8674,532.62305
8675,614.4076
8676,696.0086
8677,768.8501
8678,621.7144
8679,716.0647
8680,713.152
8681,797.7487
8682,1009.38513
8683,1145.172
8684,936.15015
8685,860.5385
8686,732.7434
8687,521.7996
8688,350.43616
8689,225.97815
8690,213.23947
8691,157.0957
8692,97.76865
8693,108.60557
8694,235.20273
8695,517.9575
8696,962.28015
8697,698.6124
8698,519.8268
8699,606.88367
8700,713.4036
8701,761.4855
8702,822.2482
8703,866.8876
8704,899.9271
8705,955.0985
8706,1171.1647
8707,846.375
8708,708.05206
8709,692.0383
8710,617.9443
8711,455.06793
8712,301.56522
8713,291.77277
8714,221.72064
8715,161.2869
8716,117.136116
8717,128.56625
8718,206.39651
8719,406.88715
8720,867.9199
8721,547.94464
8722,507.4551
8723,594.38226
8724,617.05536
8725,661.51337
8726,656.9591
8727,670.70404
8728,817.4889
8729,943.1286
8730,878.9638
8731,1035.0475
8732,787.2458
8733,725.3537
8734,622.53436
8735,506.53162
8736,389.59564
8737,327.4304
8738,245.10637
8739,181.18388
8740,134.46254
8741,131.10399
8742,254.03142
8743,679.01306
8744,1117.2501
8745,588.31506
8746,427.54077
8747,686.718
8748,708.7402
8749,689.24994
8750,843.41986
8751,743.69775
8752,821.15704
8753,930.52655
8754,1229.3615
8755,889.0589
8756,769.98895
8757,633.72424
8758,552.7077
8759,476.2626
